<?xml version="1.0" encoding="UTF-8"?>
<beans xmlns="http://www.springframework.org/schema/beans"
	xmlns:xsi="http://www.w3.org/2001/XMLSchema-instance"
	xsi:schemaLocation="http://www.springframework.org/schema/beans http://www.springframework.org/schema/beans/spring-beans.xsd">

	<bean id="apollo" class="com.zettamine.spring.core.beans.Hospital">
		<property name="hospitalName" value="Apollo Hospital Limited"/>
		<property name="deptNames">
		  <list>
		  	<value>Reception</value>
		  	<value>Billing</value>
		  	<value>H R</value>
		  	<value>Admin</value>
		  	<value>Pharmacy</value>
		  	<value>Marketting</value>
		  	<value>Reception</value>
		  </list>
		</property>
	</bean>
</beans>
