<?xml version="1.0" encoding="UTF-8"?>
<beans xmlns="http://www.springframework.org/schema/beans"
	xmlns:xsi="http://www.w3.org/2001/XMLSchema-instance"
	xmlns:context="http://www.springframework.org/schema/context"
	xmlns:tx="http://www.springframework.org/schema/tx"
	xsi:schemaLocation="http://www.springframework.org/schema/beans http://www.springframework.org/schema/beans/spring-beans.xsd
		http://www.springframework.org/schema/context http://www.springframework.org/schema/context/spring-context-4.3.xsd
		http://www.springframework.org/schema/tx http://www.springframework.org/schema/tx/spring-tx-4.3.xsd">
		
	<context:annotation-config/>
	<context:property-placeholder location="classpath:dbconfig.properties"/>
	
	<bean id="ds" class="org.springframework.jdbc.datasource.DriverManagerDataSource">
		<property name="driverClassName" value="${jdbc.driverclass}"/>
		<property name="url" value="${jdbc.url}"/>
		<property name="username" value="${jdbc.username}"/>
		<property name="password" value="${jdbc.password}"/>
	</bean>
	
	<bean id="mySessionFactory" class="org.springframework.orm.hibernate5.LocalSessionFactoryBean">
		<property name="dataSource" ref="ds"/>
		
		<property name="hibernateProperties">
			<props>
				<prop key="hibernate.dialect">org.hibernate.dialect.MySQL8Dialect</prop>
				<prop key="hibernate.show_sql">true</prop>
				<!-- <prop key="hibernate.format_sql">true</prop> -->
				<prop key="hibernate.hbm2ddl.auto">update</prop>				
			</props>
		</property>
		
		<property name="annotatedClasses">
			<list>
				<value>com.zettamine.ems.entity.Employee</value>
			</list>
		</property>
	</bean>
	
	<bean class="org.springframework.orm.hibernate5.HibernateTemplate">
	    <property name="sessionFactory" ref="mySessionFactory"/>
	</bean>
	
	<bean class="com.zettamine.ems.dao.EmployeeDAOImpl"/>
	
	<bean id="txMgr" class="org.springframework.orm.hibernate5.HibernateTransactionManager">
		<property name="sessionFactory" ref="mySessionFactory"/>
	</bean>
	
	<tx:annotation-driven transaction-manager="txMgr"/>
</beans>
