<?xml version="1.0" encoding="UTF-8"?>
<beans xmlns="http://www.springframework.org/schema/beans"
	xmlns:xsi="http://www.w3.org/2001/XMLSchema-instance"
	xmlns:context="http://www.springframework.org/schema/context"
	xsi:schemaLocation="http://www.springframework.org/schema/beans http://www.springframework.org/schema/beans/spring-beans.xsd
		http://www.springframework.org/schema/context http://www.springframework.org/schema/context/spring-context-4.3.xsd">
	
	<context:annotation-config/>
	<context:property-placeholder location="classpath:dbconfig.properties"/>
	
	<bean id="ds" class="org.springframework.jdbc.datasource.DriverManagerDataSource">
		<property name="driverClassName" value="${jdbc.driverclass}"/>
		<property name="url" value="${jdbc.url}"/>
		<property name="username" value="${jdbc.username}"/>
		<property name="password" value="${jdbc.password}"/>
	</bean>
	
	<bean id="template" class="org.springframework.jdbc.core.JdbcTemplate">
		<property name="dataSource" ref="ds"/>
	</bean>
	
	<bean id="studentDao" class="com.zettamine.sms.dao.StudentDAO"/>
 	
</beans>
