<?xml version="1.0" encoding="UTF-8"?>
<beans xmlns="http://www.springframework.org/schema/beans"
	xmlns:xsi="http://www.w3.org/2001/XMLSchema-instance"
	xsi:schemaLocation="http://www.springframework.org/schema/beans http://www.springframework.org/schema/beans/spring-beans.xsd">

	<bean id="bmw" class="com.zettamine.spring.core.beans.Car">
		<property name="model" value="B M W" />
		<property name="cost" value="5785000" />
	</bean>

	<bean id="sanjay" class="com.zettamine.spring.core.beans.Customer">
		<constructor-arg ref="bmw" />
		<property name="customerName" value="Sanjay Patil" />
	</bean>

	<bean id="praveen" class="com.zettamine.spring.core.beans.Customer">
		<constructor-arg ref="bmw" index="1"/>
		<constructor-arg value="Praveen Kumar" index="0" />
	</bean>
</beans>
