<?xml version="1.0" encoding="UTF-8"?>
<beans xmlns="http://www.springframework.org/schema/beans"
	xmlns:xsi="http://www.w3.org/2001/XMLSchema-instance"
	xsi:schemaLocation="http://www.springframework.org/schema/beans 
						http://www.springframework.org/schema/beans/spring-beans.xsd">

	<bean id="apollo" class="com.zettamine.spring.core.beans.Hospital">
		<property name="hospitalName" value="Apollo Hospitals Limited"/>
		<property name="deptsHeads">
			<map>
				<entry key="Reception" value="Miss. Sowjanya"/>
				<entry key="Billing" value="Mr. Suresh"/>
				<entry key="OP" value="Dr. Ayush Sharma"/>
				<entry key="Marketting">
					 <value>Mr. Suresh</value>
				</entry>
			</map>
		</property>
	</bean>

</beans>
