{
  "products": [
    {
      "id": 10001,
      "name": "Basics To Advanced In React",
      "overview": "Lorem ipsum dolor sit amet consectetur adipisicing elit. Error unde quisquam magni vel eligendi nam.",
      "long_description": "Lorem ipsum dolor sit amet consectetur, adipisicing elit. Soluta aut, vel ipsum maxime quam quia, quaerat tempore minus odio exercitationem illum et eos, quas ipsa aperiam magnam officiis libero expedita quo voluptas deleniti sit dolore? Praesentium tempora cumque facere consectetur quia, molestiae quam, accusamus eius corrupti laudantium aliquid! Tempore laudantium unde labore voluptates repellat, dignissimos aperiam ad ipsum laborum recusandae voluptatem non dolore. Reiciendis cum quo illum. Dolorem, molestiae corporis.",
      "price": 29,
      "poster": "https://images.unsplash.com/photo-1633356122544-f134324a6cee?ixlib=rb-1.2.1&ixid=MnwxMjA3fDB8MHxwaG90by1wYWdlfHx8fGVufDB8fHx8&auto=format&fit=crop&w=650&q=40",
      "image_local": "/assets/images/10001.avif",
      "rating": 5,
      "in_stock": true,
      "size": 5,
      "best_seller": true
    },
    {
      "id": 10002,
      "name": "Django Framework for Beginners",
      "overview": "Lorem ipsum dolor sit amet consectetur adipisicing elit. Error unde quisquam magni vel eligendi nam.",
      "long_description": "Lorem ipsum dolor sit amet consectetur, adipisicing elit. Soluta aut, vel ipsum maxime quam quia, quaerat tempore minus odio exercitationem illum et eos, quas ipsa aperiam magnam officiis libero expedita quo voluptas deleniti sit dolore? Praesentium tempora cumque facere consectetur quia, molestiae quam, accusamus eius corrupti laudantium aliquid! Tempore laudantium unde labore voluptates repellat, dignissimos aperiam ad ipsum laborum recusandae voluptatem non dolore. Reiciendis cum quo illum. Dolorem, molestiae corporis.",
      "price": 19,
      "poster": "https://images.unsplash.com/photo-1580894894513-541e068a3e2b?ixlib=rb-1.2.1&ixid=MnwxMjA3fDB8MHxwaG90by1wYWdlfHx8fGVufDB8fHx8&auto=format&fit=crop&w=650&q=40",
      "image_local": "/assets/images/10002.avif",
      "rating": 5,
      "in_stock": true,
      "size": 2,
      "best_seller": false
    },
    {
      "id": 10003,
      "name": "The Future of Design Systems",
      "overview": "Lorem ipsum dolor sit amet consectetur adipisicing elit. Error unde quisquam magni vel eligendi nam.",
      "long_description": "Lorem ipsum dolor sit amet consectetur, adipisicing elit. Soluta aut, vel ipsum maxime quam quia, quaerat tempore minus odio exercitationem illum et eos, quas ipsa aperiam magnam officiis libero expedita quo voluptas deleniti sit dolore? Praesentium tempora cumque facere consectetur quia, molestiae quam, accusamus eius corrupti laudantium aliquid! Tempore laudantium unde labore voluptates repellat, dignissimos aperiam ad ipsum laborum recusandae voluptatem non dolore. Reiciendis cum quo illum. Dolorem, molestiae corporis.",
      "price": 29,
      "poster": "https://images.unsplash.com/photo-1523726491678-bf852e717f6a?ixlib=rb-1.2.1&ixid=MnwxMjA3fDB8MHxwaG90by1wYWdlfHx8fGVufDB8fHx8&auto=format&fit=crop&w=650&q=40",
      "image_local": "/assets/images/10003.avif",
      "rating": 3,
      "in_stock": true,
      "size": 1,
      "best_seller": false
    },
    {
      "id": 10004,
      "name": "The Complete Guide to Backend Development",
      "overview": "Lorem ipsum dolor sit amet consectetur adipisicing elit. Error unde quisquam magni vel eligendi nam.",
      "long_description": "Lorem ipsum dolor sit amet consectetur, adipisicing elit. Soluta aut, vel ipsum maxime quam quia, quaerat tempore minus odio exercitationem illum et eos, quas ipsa aperiam magnam officiis libero expedita quo voluptas deleniti sit dolore? Praesentium tempora cumque facere consectetur quia, molestiae quam, accusamus eius corrupti laudantium aliquid! Tempore laudantium unde labore voluptates repellat, dignissimos aperiam ad ipsum laborum recusandae voluptatem non dolore. Reiciendis cum quo illum. Dolorem, molestiae corporis.",
      "price": 99,
      "poster": "https://images.unsplash.com/photo-1595617795501-9661aafda72a?ixlib=rb-1.2.1&ixid=MnwxMjA3fDB8MHxwaG90by1wYWdlfHx8fGVufDB8fHx8&auto=format&fit=crop&w=650&q=40",
      "image_local": "/assets/images/10004.avif",
      "rating": 5,
      "in_stock": true,
      "size": 7,
      "best_seller": true
    },
    {
      "id": 10005,
      "name": "Build a Blockchain from Scratch in Go",
      "overview": "Lorem ipsum dolor sit amet consectetur adipisicing elit. Error unde quisquam magni vel eligendi nam.",
      "long_description": "Lorem ipsum dolor sit amet consectetur, adipisicing elit. Soluta aut, vel ipsum maxime quam quia, quaerat tempore minus odio exercitationem illum et eos, quas ipsa aperiam magnam officiis libero expedita quo voluptas deleniti sit dolore? Praesentium tempora cumque facere consectetur quia, molestiae quam, accusamus eius corrupti laudantium aliquid! Tempore laudantium unde labore voluptates repellat, dignissimos aperiam ad ipsum laborum recusandae voluptatem non dolore. Reiciendis cum quo illum. Dolorem, molestiae corporis.",
      "price": 19,
      "poster": "https://images.unsplash.com/photo-1639322537228-f710d846310a?ixlib=rb-1.2.1&ixid=MnwxMjA3fDB8MHxwaG90by1wYWdlfHx8fGVufDB8fHx8&auto=format&fit=crop&w=650&q=40",
      "image_local": "/assets/images/10005.avif",
      "rating": 3,
      "in_stock": true,
      "size": 3,
      "best_seller": false
    },
    {
      "id": 10006,
      "name": "Frontend Fastlane Plan With Projects",
      "overview": "Lorem ipsum dolor sit amet consectetur adipisicing elit. Error unde quisquam magni vel eligendi nam.",
      "long_description": "Lorem ipsum dolor sit amet consectetur, adipisicing elit. Soluta aut, vel ipsum maxime quam quia, quaerat tempore minus odio exercitationem illum et eos, quas ipsa aperiam magnam officiis libero expedita quo voluptas deleniti sit dolore? Praesentium tempora cumque facere consectetur quia, molestiae quam, accusamus eius corrupti laudantium aliquid! Tempore laudantium unde labore voluptates repellat, dignissimos aperiam ad ipsum laborum recusandae voluptatem non dolore. Reiciendis cum quo illum. Dolorem, molestiae corporis.",
      "price": 99,
      "poster": "https://images.unsplash.com/photo-1522542550221-31fd19575a2d?ixlib=rb-1.2.1&ixid=MnwxMjA3fDB8MHxwaG90by1wYWdlfHx8fGVufDB8fHx8&auto=format&fit=crop&w=650&q=40",
      "image_local": "/assets/images/10006.avif",
      "rating": 5,
      "in_stock": true,
      "size": 10,
      "best_seller": false
    },
    {
      "id": 10007,
      "name": "Master the Code Review",
      "overview": "Lorem ipsum dolor sit amet consectetur adipisicing elit. Error unde quisquam magni vel eligendi nam.",
      "long_description": "Lorem ipsum dolor sit amet consectetur, adipisicing elit. Soluta aut, vel ipsum maxime quam quia, quaerat tempore minus odio exercitationem illum et eos, quas ipsa aperiam magnam officiis libero expedita quo voluptas deleniti sit dolore? Praesentium tempora cumque facere consectetur quia, molestiae quam, accusamus eius corrupti laudantium aliquid! Tempore laudantium unde labore voluptates repellat, dignissimos aperiam ad ipsum laborum recusandae voluptatem non dolore. Reiciendis cum quo illum. Dolorem, molestiae corporis.",
      "price": 19,
      "poster": "https://images.unsplash.com/photo-1621839673705-6617adf9e890?ixlib=rb-1.2.1&ixid=MnwxMjA3fDB8MHxwaG90by1wYWdlfHx8fGVufDB8fHx8&auto=format&fit=crop&w=650&q=40",
      "image_local": "/assets/images/10007.avif",
      "rating": 5,
      "in_stock": true,
      "size": 2,
      "best_seller": false
    },
    {
      "id": 10008,
      "name": "JavaScript Basics To Advance With Sunil",
      "overview": "Lorem ipsum dolor sit amet consectetur adipisicing elit. Error unde quisquam magni vel eligendi nam.",
      "long_description": "Lorem ipsum dolor sit amet consectetur, adipisicing elit. Soluta aut, vel ipsum maxime quam quia, quaerat tempore minus odio exercitationem illum et eos, quas ipsa aperiam magnam officiis libero expedita quo voluptas deleniti sit dolore? Praesentium tempora cumque facere consectetur quia, molestiae quam, accusamus eius corrupti laudantium aliquid! Tempore laudantium unde labore voluptates repellat, dignissimos aperiam ad ipsum laborum recusandae voluptatem non dolore. Reiciendis cum quo illum. Dolorem, molestiae corporis.",
      "price": 29,
      "poster": "https://images.unsplash.com/photo-1613490900233-141c5560d75d?ixlib=rb-1.2.1&ixid=MnwxMjA3fDB8MHxwaG90by1wYWdlfHx8fGVufDB8fHx8&auto=format&fit=crop&w=650&q=40",
      "image_local": "/assets/images/10008.avif",
      "rating": 5,
      "in_stock": true,
      "size": 3,
      "best_seller": true
    },
    {
      "id": 10009,
      "name": "Python Deep Dive With Projects",
      "overview": "Lorem ipsum dolor sit amet consectetur adipisicing elit. Error unde quisquam magni vel eligendi nam.",
      "long_description": "Lorem ipsum dolor sit amet consectetur, adipisicing elit. Soluta aut, vel ipsum maxime quam quia, quaerat tempore minus odio exercitationem illum et eos, quas ipsa aperiam magnam officiis libero expedita quo voluptas deleniti sit dolore? Praesentium tempora cumque facere consectetur quia, molestiae quam, accusamus eius corrupti laudantium aliquid! Tempore laudantium unde labore voluptates repellat, dignissimos aperiam ad ipsum laborum recusandae voluptatem non dolore. Reiciendis cum quo illum. Dolorem, molestiae corporis.",
      "price": 29,
      "poster": "https://images.unsplash.com/photo-1624953587687-daf255b6b80a?ixlib=rb-1.2.1&ixid=MnwxMjA3fDB8MHxwaG90by1wYWdlfHx8fGVufDB8fHx8&auto=format&fit=crop&w=650&q=40",
      "image_local": "/assets/images/10009.avif",
      "rating": 5,
      "in_stock": true,
      "size": 3,
      "best_seller": false
    },
    {
      "id": 10010,
      "name": "Mastering Software Technique",
      "overview": "Lorem ipsum dolor sit amet consectetur adipisicing elit. Error unde quisquam magni vel eligendi nam.",
      "long_description": "Lorem ipsum dolor sit amet consectetur, adipisicing elit. Soluta aut, vel ipsum maxime quam quia, quaerat tempore minus odio exercitationem illum et eos, quas ipsa aperiam magnam officiis libero expedita quo voluptas deleniti sit dolore? Praesentium tempora cumque facere consectetur quia, molestiae quam, accusamus eius corrupti laudantium aliquid! Tempore laudantium unde labore voluptates repellat, dignissimos aperiam ad ipsum laborum recusandae voluptatem non dolore. Reiciendis cum quo illum. Dolorem, molestiae corporis.",
      "price": 19,
      "poster": "https://images.unsplash.com/photo-1623479322729-28b25c16b011?ixlib=rb-1.2.1&ixid=MnwxMjA3fDB8MHxwaG90by1wYWdlfHx8fGVufDB8fHx8&auto=format&fit=crop&w=650&q=40",
      "image_local": "/assets/images/10010.avif",
      "rating": 4,
      "in_stock": true,
      "size": 1,
      "best_seller": false
    },
    {
      "id": 10011,
      "name": "Web Development Foundation",
      "overview": "Lorem ipsum dolor sit amet consectetur adipisicing elit. Error unde quisquam magni vel eligendi nam.",
      "long_description": "Lorem ipsum dolor sit amet consectetur, adipisicing elit. Soluta aut, vel ipsum maxime quam quia, quaerat tempore minus odio exercitationem illum et eos, quas ipsa aperiam magnam officiis libero expedita quo voluptas deleniti sit dolore? Praesentium tempora cumque facere consectetur quia, molestiae quam, accusamus eius corrupti laudantium aliquid! Tempore laudantium unde labore voluptates repellat, dignissimos aperiam ad ipsum laborum recusandae voluptatem non dolore. Reiciendis cum quo illum. Dolorem, molestiae corporis.",
      "price": 29,
      "poster": "https://images.unsplash.com/photo-1507721999472-8ed4421c4af2?ixlib=rb-1.2.1&ixid=MnwxMjA3fDB8MHxwaG90by1wYWdlfHx8fGVufDB8fHx8&auto=format&fit=crop&w=650&q=40",
      "image_local": "/assets/images/10011.avif",
      "rating": 5,
      "in_stock": true,
      "size": 3,
      "best_seller": true
    },
    {
      "id": 10012,
      "name": "Mastering Git and GitHub - A Practical Guide",
      "overview": "Lorem ipsum dolor sit amet consectetur adipisicing elit. Error unde quisquam magni vel eligendi nam.",
      "long_description": "Lorem ipsum dolor sit amet consectetur, adipisicing elit. Soluta aut, vel ipsum maxime quam quia, quaerat tempore minus odio exercitationem illum et eos, quas ipsa aperiam magnam officiis libero expedita quo voluptas deleniti sit dolore? Praesentium tempora cumque facere consectetur quia, molestiae quam, accusamus eius corrupti laudantium aliquid! Tempore laudantium unde labore voluptates repellat, dignissimos aperiam ad ipsum laborum recusandae voluptatem non dolore. Reiciendis cum quo illum. Dolorem, molestiae corporis.",
      "price": 9,
      "poster": "https://images.unsplash.com/photo-1618401471353-b98afee0b2eb?ixlib=rb-1.2.1&ixid=MnwxMjA3fDB8MHxwaG90by1wYWdlfHx8fGVufDB8fHx8&auto=format&fit=crop&w=650&q=40",
      "image_local": "/assets/images/10012.avif",
      "rating": 5,
      "in_stock": true,
      "size": 1,
      "best_seller": false
    },
    {
      "id": 10013,
      "name": "Everything About React v16",
      "overview": "Lorem ipsum dolor sit amet consectetur adipisicing elit. Error unde quisquam magni vel eligendi nam.",
      "long_description": "Lorem ipsum dolor sit amet consectetur, adipisicing elit. Soluta aut, vel ipsum maxime quam quia, quaerat tempore minus odio exercitationem illum et eos, quas ipsa aperiam magnam officiis libero expedita quo voluptas deleniti sit dolore? Praesentium tempora cumque facere consectetur quia, molestiae quam, accusamus eius corrupti laudantium aliquid! Tempore laudantium unde labore voluptates repellat, dignissimos aperiam ad ipsum laborum recusandae voluptatem non dolore. Reiciendis cum quo illum. Dolorem, molestiae corporis.",
      "price": 19,
      "poster": "https://images.unsplash.com/photo-1633356122102-3fe601e05bd2?ixlib=rb-1.2.1&ixid=MnwxMjA3fDB8MHxwaG90by1wYWdlfHx8fGVufDB8fHx8&auto=format&fit=crop&w=650&q=40",
      "image_local": "/assets/images/10013.avif",
      "rating": 4,
      "in_stock": false,
      "size": 3,
      "best_seller": false
    },
    {
      "id": 10014,
      "name": "Diving Deep With Python 2.7",
      "overview": "Lorem ipsum dolor sit amet consectetur adipisicing elit. Error unde quisquam magni vel eligendi nam.",
      "long_description": "Lorem ipsum dolor sit amet consectetur, adipisicing elit. Soluta aut, vel ipsum maxime quam quia, quaerat tempore minus odio exercitationem illum et eos, quas ipsa aperiam magnam officiis libero expedita quo voluptas deleniti sit dolore? Praesentium tempora cumque facere consectetur quia, molestiae quam, accusamus eius corrupti laudantium aliquid! Tempore laudantium unde labore voluptates repellat, dignissimos aperiam ad ipsum laborum recusandae voluptatem non dolore. Reiciendis cum quo illum. Dolorem, molestiae corporis.",
      "price": 19,
      "poster": "https://images.unsplash.com/photo-1515879218367-8466d910aaa4?ixlib=rb-1.2.1&ixid=MnwxMjA3fDB8MHxwaG90by1wYWdlfHx8fGVufDB8fHx8&auto=format&fit=crop&w=650&q=40",
      "image_local": "/assets/images/10014.avif",
      "rating": 4,
      "in_stock": false,
      "size": 3,
      "best_seller": false
    },
    {
      "id": 10015,
      "name": "Kickstart Your UI Design Career",
      "overview": "Lorem ipsum dolor sit amet consectetur adipisicing elit. Error unde quisquam magni vel eligendi nam.",
      "long_description": "Lorem ipsum dolor sit amet consectetur, adipisicing elit. Soluta aut, vel ipsum maxime quam quia, quaerat tempore minus odio exercitationem illum et eos, quas ipsa aperiam magnam officiis libero expedita quo voluptas deleniti sit dolore? Praesentium tempora cumque facere consectetur quia, molestiae quam, accusamus eius corrupti laudantium aliquid! Tempore laudantium unde labore voluptates repellat, dignissimos aperiam ad ipsum laborum recusandae voluptatem non dolore. Reiciendis cum quo illum. Dolorem, molestiae corporis.",
      "price": 9,
      "poster": "https://images.unsplash.com/photo-1587440871875-191322ee64b0?ixlib=rb-1.2.1&ixid=MnwxMjA3fDB8MHxwaG90by1wYWdlfHx8fGVufDB8fHx8&auto=format&fit=crop&w=650&q=40",
      "image_local": "/assets/images/10015.avif",
      "rating": 2,
      "in_stock": false,
      "size": 1,
      "best_seller": false
    }
  ],
  "featured_products": [
    {
      "id": 10004,
      "name": "The Complete Guide to Backend Development",
      "overview": "Lorem ipsum dolor sit amet consectetur adipisicing elit. Error unde quisquam magni vel eligendi nam.",
      "long_description": "Lorem ipsum dolor sit amet consectetur, adipisicing elit. Soluta aut, vel ipsum maxime quam quia, quaerat tempore minus odio exercitationem illum et eos, quas ipsa aperiam magnam officiis libero expedita quo voluptas deleniti sit dolore? Praesentium tempora cumque facere consectetur quia, molestiae quam, accusamus eius corrupti laudantium aliquid! Tempore laudantium unde labore voluptates repellat, dignissimos aperiam ad ipsum laborum recusandae voluptatem non dolore. Reiciendis cum quo illum. Dolorem, molestiae corporis.",
      "price": 99,
      "poster": "https://images.unsplash.com/photo-1595617795501-9661aafda72a?ixlib=rb-1.2.1&ixid=MnwxMjA3fDB8MHxwaG90by1wYWdlfHx8fGVufDB8fHx8&auto=format&fit=crop&w=650&q=40",
      "image_local": "/assets/images/10004.avif",
      "rating": 5,
      "in_stock": true,
      "size": 7,
      "best_seller": true
    },
    {
      "id": 10006,
      "name": "Frontend Fastlane Plan With Projects",
      "overview": "Lorem ipsum dolor sit amet consectetur adipisicing elit. Error unde quisquam magni vel eligendi nam.",
      "long_description": "Lorem ipsum dolor sit amet consectetur, adipisicing elit. Soluta aut, vel ipsum maxime quam quia, quaerat tempore minus odio exercitationem illum et eos, quas ipsa aperiam magnam officiis libero expedita quo voluptas deleniti sit dolore? Praesentium tempora cumque facere consectetur quia, molestiae quam, accusamus eius corrupti laudantium aliquid! Tempore laudantium unde labore voluptates repellat, dignissimos aperiam ad ipsum laborum recusandae voluptatem non dolore. Reiciendis cum quo illum. Dolorem, molestiae corporis.",
      "price": 99,
      "poster": "https://images.unsplash.com/photo-1522542550221-31fd19575a2d?ixlib=rb-1.2.1&ixid=MnwxMjA3fDB8MHxwaG90by1wYWdlfHx8fGVufDB8fHx8&auto=format&fit=crop&w=650&q=40",
      "image_local": "/assets/images/10006.avif",
      "rating": 5,
      "in_stock": true,
      "size": 10,
      "best_seller": false
    },
    {
      "id": 10008,
      "name": "JavaScript Basics To Advance With Sunil",
      "overview": "Lorem ipsum dolor sit amet consectetur adipisicing elit. Error unde quisquam magni vel eligendi nam.",
      "long_description": "Lorem ipsum dolor sit amet consectetur, adipisicing elit. Soluta aut, vel ipsum maxime quam quia, quaerat tempore minus odio exercitationem illum et eos, quas ipsa aperiam magnam officiis libero expedita quo voluptas deleniti sit dolore? Praesentium tempora cumque facere consectetur quia, molestiae quam, accusamus eius corrupti laudantium aliquid! Tempore laudantium unde labore voluptates repellat, dignissimos aperiam ad ipsum laborum recusandae voluptatem non dolore. Reiciendis cum quo illum. Dolorem, molestiae corporis.",
      "price": 29,
      "poster": "https://images.unsplash.com/photo-1613490900233-141c5560d75d?ixlib=rb-1.2.1&ixid=MnwxMjA3fDB8MHxwaG90by1wYWdlfHx8fGVufDB8fHx8&auto=format&fit=crop&w=650&q=40",
      "image_local": "/assets/images/10008.avif",
      "rating": 5,
      "in_stock": true,
      "size": 3,
      "best_seller": true
    }
  ],
  "orders": [
    {
      "cartList": [
        {
          "id": 10001,
          "name": "Basics To Advanced In React",
          "overview": "Lorem ipsum dolor sit amet consectetur adipisicing elit. Error unde quisquam magni vel eligendi nam.",
          "long_description": "Lorem ipsum dolor sit amet consectetur, adipisicing elit. Soluta aut, vel ipsum maxime quam quia, quaerat tempore minus odio exercitationem illum et eos, quas ipsa aperiam magnam officiis libero expedita quo voluptas deleniti sit dolore? Praesentium tempora cumque facere consectetur quia, molestiae quam, accusamus eius corrupti laudantium aliquid! Tempore laudantium unde labore voluptates repellat, dignissimos aperiam ad ipsum laborum recusandae voluptatem non dolore. Reiciendis cum quo illum. Dolorem, molestiae corporis.",
          "price": 29,
          "poster": "https://images.unsplash.com/photo-1633356122544-f134324a6cee?ixlib=rb-1.2.1&ixid=MnwxMjA3fDB8MHxwaG90by1wYWdlfHx8fGVufDB8fHx8&auto=format&fit=crop&w=650&q=40",
          "image_local": "/assets/images/10001.avif",
          "rating": 5,
          "in_stock": true,
          "size": 5,
          "best_seller": true
        },
        {
          "id": 10008,
          "name": "JavaScript Basics To Advance With Sunil",
          "overview": "Lorem ipsum dolor sit amet consectetur adipisicing elit. Error unde quisquam magni vel eligendi nam.",
          "long_description": "Lorem ipsum dolor sit amet consectetur, adipisicing elit. Soluta aut, vel ipsum maxime quam quia, quaerat tempore minus odio exercitationem illum et eos, quas ipsa aperiam magnam officiis libero expedita quo voluptas deleniti sit dolore? Praesentium tempora cumque facere consectetur quia, molestiae quam, accusamus eius corrupti laudantium aliquid! Tempore laudantium unde labore voluptates repellat, dignissimos aperiam ad ipsum laborum recusandae voluptatem non dolore. Reiciendis cum quo illum. Dolorem, molestiae corporis.",
          "price": 29,
          "poster": "https://images.unsplash.com/photo-1613490900233-141c5560d75d?ixlib=rb-1.2.1&ixid=MnwxMjA3fDB8MHxwaG90by1wYWdlfHx8fGVufDB8fHx8&auto=format&fit=crop&w=650&q=40",
          "image_local": "/assets/images/10008.avif",
          "rating": 5,
          "in_stock": true,
          "size": 3,
          "best_seller": true
        }
      ],
      "amount_paid": 58,
      "quantity": 2,
      "user": {
        "name": "Sunil Joseph",
        "email": "sunil@example.com",
        "id": 1
      },
      "id": 1
    }
  ],
  "users": [
    {
      "email": "sunil@zettamine.com",
      "password": "$2a$10$K9aEH3/VDb2QU/EsjrHGJO7X5JxCcg0bMAnBtyT3kBW9FL7FnnygO",
      "name": "Sunil Joseph",
      "id": 1
    }
  ]
}