<?xml version="1.0" encoding="UTF-8"?>
<beans xmlns="http://www.springframework.org/schema/beans"
	xmlns:xsi="http://www.w3.org/2001/XMLSchema-instance"
	xsi:schemaLocation="http://www.springframework.org/schema/beans http://www.springframework.org/schema/beans/spring-beans.xsd">

	<bean id="pwdValidator" class="com.zettamine.aop.services.PasswordValidator"/>
	<bean id="excepAsp" class="com.zettamine.aop.aspects.ExceptionAspect"/>
	
	<bean id="proxy" class="org.springframework.aop.framework.ProxyFactoryBean">
		<property name="target" ref="pwdValidator"/>
		<property name="interceptorNames">
			<list>
				<value>excepAsp</value>
			</list>
		</property>
	</bean>
</beans>
