<?xml version="1.0" encoding="UTF-8"?>
<beans xmlns="http://www.springframework.org/schema/beans"
	xmlns:xsi="http://www.w3.org/2001/XMLSchema-instance"
	xmlns:context="http://www.springframework.org/schema/context"
	xmlns:aop="http://www.springframework.org/schema/aop"
	xsi:schemaLocation="http://www.springframework.org/schema/beans http://www.springframework.org/schema/beans/spring-beans.xsd
		http://www.springframework.org/schema/context http://www.springframework.org/schema/context/spring-context-4.3.xsd
		http://www.springframework.org/schema/aop http://www.springframework.org/schema/aop/spring-aop-4.3.xsd">

	<bean id="pwdVal" class="com.zettamine.aop.services.PasswordValidator"/>
	<bean id="repoGen" class="com.zettamine.aop.services.ReportGenerator"/>
	<bean id="logAspect" class="com.zettamine.aop.aspects.LoggingAspect"/>
	
	<aop:config>
		<aop:pointcut expression="execution(* com.zettamine.aop.services.ReportGenerator.*(..))" id="zettaPoint"/>
		
		<aop:aspect id="loggerAspect" ref="logAspect">
			<aop:before method="logBeforeMethodCall" pointcut-ref="zettaPoint"/>
		</aop:aspect>
	</aop:config>
</beans>
