<?xml version="1.0" encoding="UTF-8"?>
<beans xmlns="http://www.springframework.org/schema/beans"
	xmlns:xsi="http://www.w3.org/2001/XMLSchema-instance"
	xsi:schemaLocation="http://www.springframework.org/schema/beans http://www.springframework.org/schema/beans/spring-beans.xsd">

	<bean id="ds" class="org.springframework.jdbc.datasource.DriverManagerDataSource">
		<property name="driverClassName" value="com.mysql.cj.jdbc.Driver"/>
		<property name="url" value="jdbc:mysql://localhost:3306/db_zettamine"/>
		<property name="username" value="root"/>
		<property name="password" value="root"/>
	</bean>
	
	<bean id="template" class="org.springframework.jdbc.core.JdbcTemplate">
		<property name="dataSource" ref="ds"/>
	</bean>
	
	<bean id="edao" class="com.zettamine.ems.dao.EmployeeDAOImpl">
		<property name="jt" ref="template"/>
	</bean>
	
	<bean id="emp-service" class="com.zettamine.ems.services.EmployeeServiceImpl">
		<constructor-arg ref="edao"/>
	</bean>
</beans>
