<?xml version="1.0" encoding="UTF-8"?>
<beans xmlns="http://www.springframework.org/schema/beans"
	xmlns:xsi="http://www.w3.org/2001/XMLSchema-instance"
	xmlns:p="http://www.springframework.org/schema/p"
	xsi:schemaLocation="http://www.springframework.org/schema/beans http://www.springframework.org/schema/beans/spring-beans.xsd">
	
	<!-- value as an attribute -->
	<bean id="user1" class="com.zettamine.spring.core.beans.User">
		<property name="firstName" value="Sanjay"></property>
		<property name="lastName" value="Patil"></property>
	</bean>
	
	<!--  value as an element -->
	<bean id="user2" class="com.zettamine.spring.core.beans.User">
		<property name="firstName">
			<value>Praveen</value>
		</property>
		<property name="lastName">
			<value>Patil</value>
		</property>
	</bean>
	
	<!-- value with namespace -->
	<bean id="user3" class="com.zettamine.spring.core.beans.User" p:firstName="Manoj"
																p:lastName="Kumar"/>
																
	<!-- using constructor -->
	<bean name="user4" class="com.zettamine.spring.core.beans.User">
		<constructor-arg value="Sachin"></constructor-arg>
		<constructor-arg value="Tendulkar"/>
	</bean>															
</beans>
